keyword,title,labels,url
accessibility,"Latest 50 Papers - May 19, 2025",documentation,https://github.com/xydong-web/DailyArXiv/issues/70
accessibility,"Latest 15 Papers - May 19, 2025",documentation,https://github.com/JiamingZang/DailyArxiv/issues/63
accessibility,"Add ""Flag This Content"" Modal to Community Feed Posts (3-dot Menu Action)",High Priority,https://github.com/clim-bot/Knoc/issues/5
accessibility,Knoc: Implement Multi-image Post Feature for Community Feed Post,Medium Priority,https://github.com/clim-bot/Knoc/issues/4
accessibility,Exness vs OctaFX: Which Broker Is Right for You?,,https://github.com/zizzio1/Exness/issues/13
accessibility,Exness vs XM vs OctaFX: Which Broker Is Right for You?,,https://github.com/zizzio1/Exness/issues/12
accessibility,TriStateCheckbox: Add ARIA Accessibility,accessibility,https://github.com/primefaces/primefaces/issues/13813
accessibility,Exness vs IC Markets: Which Broker Is Right for You?,,https://github.com/zizzio1/Exness/issues/11
accessibility,Implement Dark Mode Toggle,,https://github.com/tarinagarwal/learnify/issues/6
accessibility,[Automation][Web] Can not inspects elements  after opening the filter message popup or opening menu popup of folder although we can do it before,integration-test,https://github.com/linagora/tmail-flutter/issues/3727
accessibility,[Feature Request] Customize modifier keys due to CTRL+SCROLL on macOS being Zoom Shortcut,enhancement,https://github.com/Kiatra/BlizzMove/issues/145
accessibility,[Automation][Web] Help show three dot icon next to folder name on folder tree,integration-test,https://github.com/linagora/tmail-flutter/issues/3726
accessibility,Exness vs Quotex: Which Broker Is Right for You?,,https://github.com/zizzio1/Exness/issues/10
accessibility,Please add examples and screenshots,documentation,https://github.com/Charlyk/swift-theme-kit/issues/5
accessibility,Readme,,https://github.com/PrabhakarPanwar/E-Commerce/issues/1
accessibility,Exness vs HFM: Which Broker Is Right for You?,,https://github.com/zizzio1/Exness/issues/9
accessibility,Support A2A protocol,,https://github.com/JackHopkins/factorio-learning-environment/issues/199
accessibility,Idea: Nostr Integration Layer,,https://github.com/buildonspark/sip/issues/3
accessibility,[Feature]: Enhance visual design of TraceDiff UI Components,enhancement,https://github.com/jaegertracing/jaeger-ui/issues/2777
accessibility,Conduct comprehensive accessibility audit for React frontend,"enhancement, frontend, react, accessibility",https://github.com/carpenike/rvc2api/issues/34
accessibility,Configure web server for Bedrock structure,"config, web-server",https://github.com/xwander-dev/xwander.fi/issues/4
accessibility,Various minor issues with the accessibility of the music cards for screenreaders,bug,https://github.com/jellyfin/jellyfin-web/issues/6879
accessibility,Ensure Responsive & Accessible Design,,https://github.com/eksb0803/html-css--Elise-Bringeland-/issues/20
accessibility,Exness vs Pepperstone: Which Broker Is Right for You?,,https://github.com/zizzio1/Exness/issues/7
accessibility,Accessibility / WCAG,testing,https://github.com/KimTHenriksen/PM-Project/issues/22
accessibility,Exness vs FBS: Which Broker Is Right for You?,,https://github.com/zizzio1/Exness/issues/5
accessibility,Exness vs Binance: Which Broker Is Right for You?,,https://github.com/zizzio1/Exness/issues/4
accessibility,Exness vs BDSwiss: Which Broker Is Right for You?,,https://github.com/zizzio1/Exness/issues/3
accessibility,Exness vs Avatrade: Which Broker Is Right for You?,,https://github.com/zizzio1/Exness/issues/2
accessibility,Exness vs FP Markets: Which Broker Is Right for You?,,https://github.com/zizzio1/Exness/issues/1
accessibility,UX: Add verifiers list to the verification page,"Backlog Refinement, User Story",https://github.com/bcgov/cas-reporting/issues/776
accessibility,UX: Add boundary map and PFD guidance doc links,"User Story, Backlog Refinement",https://github.com/bcgov/cas-registration/issues/3371
accessibility,[Bug]: Unlabeled Elements and Navigation Problems with VoiceOver,bug,https://github.com/advplyr/audiobookshelf-app/issues/1575
accessibility,Add internal tracking of who updates what data sources,"api üåê, database üóÑÔ∏è, back-end",https://github.com/Police-Data-Accessibility-Project/data-sources-app/issues/772
accessibility,[Feature]: Enable LLM to directly access images generated during code execution,,https://github.com/All-Hands-AI/OpenHands/issues/8551
accessibility,Sign-In Error Feedback,,https://github.com/kevDeveau/Circle/issues/37
accessibility,Responsive and Accessible Design,,https://github.com/Alejogvy/handcrafted-haven/issues/10
accessibility,[FEAT]: Handle per‚Äëapp grayscale more gracefully (avoid device‚Äëfreezing redraws),enhancement,https://github.com/C10udburst/Grayscaler/issues/2
accessibility,UX: Alert to assign operation rep to transferred operation,"User Story, Backlog Refinement, Design Backlog",https://github.com/bcgov/cas-registration/issues/3370
accessibility,fix accessibility issues ( a & button),,https://github.com/KalypsoDev/enjoy-and-learn/issues/12
accessibility,[macOS Sequoia 15.5] Betterdiscord unable to modify other applications,bug,https://github.com/BetterDiscord/Installer/issues/390
accessibility,Implement WCAG 2.1 AA Accessibility Standards,enhancement,https://github.com/conestogac-acsit/SENG8130-Software-Quality-Applications-Lab/issues/14
accessibility,Epic: Dark and Light Theme with Toggle,,https://github.com/Alcrro/e-commerceFrontend/issues/70
accessibility,Screen Reader Accessibility Issues with Core 2025.5.1,Accessibility,https://github.com/home-assistant/frontend/issues/25497
accessibility,Remove MyWeb accounts that have invalid HawkID's or are no longer eligible,"story, needs grooming, myweb",https://github.com/uiowa/uiowa/issues/8783
accessibility,Language switch disables personal data fields,"T: Bug, B: Blocked (not reproducible)",https://github.com/globaleaks/globaleaks-whistleblowing-software/issues/4494
accessibility,Feedback form buttons should not squash other buttons,bug,https://github.com/microsoft/BotFramework-WebChat/issues/5479
accessibility,Visual focus indicator missing for mobile 'menu' button (accessibility),,https://github.com/web-illinois/ilw-header/issues/10
accessibility,Popover - Design (phase 1),"component-new, platform-design-system-team",https://github.com/department-of-veterans-affairs/vets-design-system-documentation/issues/4151
accessibility,Tester feedback: something (`tangible_property[1].item`),,https://github.com/mplp/docassemble-MLHStatutoryWill/issues/45
accessibility,Parent issue: Transfer Transit Tracker into Hubspot,,https://github.com/cal-itp/customer-success/issues/797
accessibility,Improve tool codeblock accessibility,"bug, accessibility, unreleased",https://github.com/microsoft/vscode/issues/249134
accessibility,As an End User I want the app to be accessibility compliant.,"UI, GCP",https://github.com/ITPNYU/booking-app/issues/751
accessibility,Reorganize Documentation,,https://github.com/anchapin/pAIssive_income/issues/161
accessibility,Email Notifications Linking to NewDot for Non-Migrated Accounts,"Reviewing, Daily, Internal, AutoAssignerNewDotQuality",https://github.com/Expensify/App/issues/62241
accessibility,06 Record a Goose,"üèï Priority Mandatory, üêÇ Size Medium, üéØ Topic Code Review, üéØ Topic Testing, üìÖ Sprint 3",https://github.com/Radwan-Alshujaa/My-Coursework-Planner/issues/31
accessibility,Rating starts fail target size minimum requirement,,https://github.com/woocommerce/storefront/issues/2190
accessibility,Staging Review: Design System - Search Filter,"platform-design-system-team, CC-Request, DS-Staging-Review, va-search",https://github.com/department-of-veterans-affairs/va.gov-team/issues/109960
accessibility,Add dark mode toggle to dashboard UI,"enhancement, good first issue",https://github.com/Devika-Sajeesh/EduTracker/issues/1
accessibility,[.NET10] Add An API to SearchHandler so users can hide or show the softkeyboard,shell-search-handler,https://github.com/dotnet/maui/issues/29559
accessibility,[SHOWCASE]: https://marcopolomedia.pk/,"showcase, needs copy, needs images, needs review",https://github.com/WordPress/Marketing-Team/issues/559
accessibility,"2025-05-18, Papers for large language model, llm",,https://github.com/Arxiv-Sender/Arxiv-Sender/issues/173
accessibility,Evaluation of current ReVanced Manager Compose UI/UX,"Bug report, ReVanced Manager Compose",https://github.com/ReVanced/revanced-manager/issues/2555
accessibility,Add ButterPop.js to Best of JS,,https://github.com/michaelrambeau/bestofjs/issues/1081
accessibility,Configurable language for error handling,,https://github.com/SyntaxArc/ArchiPy/issues/44
accessibility,"When the minimize button was clicked, the program crashed.",,https://github.com/linebender/xilem/issues/979
accessibility,Rewind - a Visual ArNS History Explorer,open-proposal,https://github.com/ar-io/ar-io-grants/issues/16
accessibility,[Project]: SkillSwap,,https://github.com/spark-rvce/EduAIthon/issues/34
accessibility,[RegisterSoftware] Apple to add fresh accessibility features for 2025,RegisterSoftware,https://github.com/SecOpsNews/news/issues/48500
accessibility,Pixel Buds Issue,bug,https://github.com/jmshrv/finamp/issues/1220
accessibility,Cambios recientes en la rama stage-react-api / Recent changes in stage-react-api branch,,https://github.com/axelcisneros/pokedex-frontend/issues/3
accessibility,ËÆ¢ÈòÖÊ∫êÂ°´‰∫ÜÂ∞ÅÈù¢Ëß£ÂØÜËßÑÂàôÁöÑÂõæÊ†áÈÉΩ‰∏çÊòæÁ§∫‰∫Ü,BUG,https://github.com/gedoor/legado/issues/5066
accessibility,[54-EduPulse_Innovators] EduAudit: Empowering Rural Education,,https://github.com/spark-rvce/EduAIthon/issues/27
accessibility,Implement landing page design in code,Improvement,https://github.com/crafter-station/githunter/issues/62
accessibility,Migrate dialogs and modals to UI library,Refactor,https://github.com/crafter-station/githunter/issues/75
accessibility,Accessibility shortcut option instead of wake word,,https://github.com/Stypox/dicio-android/issues/320
accessibility,[Project]: ArkSentience - AI-Backed Knowledge Ark for Blackout Zones‚Äã,,https://github.com/spark-rvce/EduAIthon/issues/22
accessibility,Develop progress bar/indicator in frontend,Design,https://github.com/crafter-station/githunter/issues/50
accessibility,"Ticket 2.2: Implement CSS for Selected Action and ""Confirm Action"" Buttons",development,https://github.com/joeloverbeck/living-narrative-engine/issues/1871
accessibility,Develop progress bar/indicator in frontend,Design,https://github.com/crafter-station/gradual/issues/44
accessibility,Issue #6: [Feature] UI/UX Enhancements & Responsive Design,,https://github.com/Aman-codde/credit-card-analytics/issues/30
accessibility,Migrate dialogs and modals to UI library,Refactor,https://github.com/crafter-station/gradual/issues/24
accessibility,Develop progress bar/indicator in frontend,Design,https://github.com/crafter-station/githunter/issues/38
accessibility,Instant Oracles,,https://github.com/risechain/rise-support/issues/33
accessibility,Update all neon cyan accents to blue-cyan neon (#00bfff) across the app,,https://github.com/Justinn/commandnet/issues/10
accessibility,Create DMZ Zone for Web Server,enhancement,https://github.com/lewi0231/home-lab-automation/issues/3
accessibility,Create a basic homepage using MaterialUI,"frontend, homepage, MaterialUI",https://github.com/Justinn/commandnet/issues/9
accessibility,Add SSL Certificate and Configure Cloudflare for drumstore.id.vn,enhancement,https://github.com/flourine95/drum_store/issues/82
accessibility,"Story 4.4: Add Keyboard Navigation Support (Next/Previous, Up/Down)","status:backlog, story",https://github.com/ajelinek/blogs/issues/30
accessibility,Feature: Presentation Framework,"feature, status:backlog",https://github.com/ajelinek/blogs/issues/10
accessibility,Link Checker Report,"report, automated issue",https://github.com/alphazaero/web-dev-beginner/issues/8
accessibility,Link Checker Report,"report, automated issue",https://github.com/Josephine-Y/Web-Dev-Course/issues/9
accessibility,Link Checker Report,"report, automated issue",https://github.com/wyzhu234/web_dev/issues/2
accessibility,Link Checker Report,"report, automated issue",https://github.com/kmsmaniacup/WebDev/issues/1
accessibility,Link Checker Report,"report, automated issue",https://github.com/mzx25354/web-dev-beginner/issues/2
accessibility,Link Checker Report,"report, automated issue",https://github.com/JasonBestBork/Web-Dev-Learning/issues/3
accessibility,Link Checker Report,"report, automated issue",https://github.com/Ayush04-C/fuzzy-journey/issues/7
accessibility,Link Checker Report,"report, automated issue",https://github.com/pretinho100/Microsoft-Web-Dev/issues/10
accessibility,Link Checker Report,"report, automated issue",https://github.com/Vannexs/ubiquitous-octo-funicular/issues/8
accessibility,Link Checker Report,"report, automated issue",https://github.com/Gyllvdrakegelo/https-github.com-microsoft-Web-Dev-For-Beginners/issues/7
a11y,Waiting for data... found in Datadog application management dashboard,setup,https://github.com/DataDog/dd-sdk-reactnative/issues/877
a11y,"While navigating in scan mode, narrator focus is going twice/thrice on the controls like refresh, info, connect to an API center, present beside in the Azure API center and Platform API Catalog:A11y_VS Code Extension for API Center [Win32]Azure API_Generate API client",needs attention,https://github.com/microsoft/vscode-azureapicenter/issues/357
a11y,The narrator is announcing an unnecessary heading level for the tree view items.: A11y_VS Code Extension for API Center_Azure API_Azure tree view.,needs attention,https://github.com/microsoft/vscode-azureapicenter/issues/356
a11y,‚ú® feat: ÌÉÄÏûÑÎùºÏù∏ ÎåìÍ∏Ä ÏÇ≠Ï†ú Î°úÏßÅ Ï∂îÍ∞Ä,feat: Í∏∞Îä• Ï∂î,https://github.com/09-MainProject/MyFavIdolFront/issues/83
a11y,Introduce Cron Editor component,"kind/enhancement, area/components, QA/dev-automation",https://github.com/rancher/dashboard/issues/14341
a11y,New content is RSS fedd,bug,https://github.com/Orange-OpenSource/a11y-guidelines/issues/708
a11y,[Frontend] Register User,,https://github.com/GoldenaArcher/mern-eccomerce-multi-vendor/issues/124
a11y,[SFSF]Carousel: A11y - Elements must only use supported ARIA attributes,"bug, TOPIC RD",https://github.com/SAP/ui5-webcomponents/issues/11515
a11y,[SF]Card: [A11y AXE Error]Landmarks should have a unique role or role/label/title (i.e. accessible name) combination,author action,https://github.com/SAP/ui5-webcomponents-react/issues/7337
a11y,Remind clients when filling out Contact us not to include API key,"Public website l Site web public, Content l Contenu",https://github.com/cds-snc/notification-planning/issues/1912
a11y,Fix bridge connector on context.sendPrompt in the plugins API,Plugin,https://github.com/stagewise-io/stagewise/issues/109
a11y,Design System (+ Forms) Staging Review: International Phone Number,"CC-Request, DS-Staging-Review",https://github.com/department-of-veterans-affairs/va.gov-team/issues/109677
a11y,Dev Test: Balancing Chemical Equations 2.0.0-dev.1,QA:dev-test,https://github.com/phetsims/qa/issues/1253
a11y,a11y CRITICAL: `auro-dropdown`: trigger's `aria-controls` has wrong value,,https://github.com/AlaskaAirlines/auro-formkit/issues/598
a11y,Add Tier 1 Description,design:description,https://github.com/phetsims/center-and-variability/issues/628
a11y,üíÖ `noUselessUndefinedInitialization` false positive in svelte 4 file.,"good first issue, A-Linter, L-JavaScript, S-Bug-confirmed",https://github.com/biomejs/biome/issues/6003
a11y,[Bug]: Accessibility Audit of settings screen,"bug, needs triage",https://github.com/aspirepress/aspireupdate/issues/379
a11y,a11y CRITICAL: `auro-input` : no keyboard access to password button,,https://github.com/AlaskaAirlines/auro-formkit/issues/597
a11y,a11y CRITICAL: `auro-radio` - color contrast on disabled state,,https://github.com/AlaskaAirlines/auro-formkit/issues/596
a11y,a11y CRITICAL: `auro-menu`: no label on `role='listbox'` element,,https://github.com/AlaskaAirlines/auro-formkit/issues/595
a11y,a11y CRITICAL - `auro-menu`:`role='listbox'` is not allow to have a child with `role='group'`,,https://github.com/AlaskaAirlines/auro-formkit/issues/594
a11y,A11y - Review Document Status Initiative Figma,"accessibility, bmt-team-1, benefits-management-tools, bmt-2025",https://github.com/department-of-veterans-affairs/va.gov-team/issues/109642
a11y,[MHV Supply Reorder] Make changes in response to no save in progress and new 4xx/5xx error text,"engineering, needs-refinement, Cartographers",https://github.com/department-of-veterans-affairs/va.gov-team/issues/109618
a11y,üíÖ False positive `lint/nursery/noUnknownPseudoElement` with `::view-transition-new(<pt-name-selector>)`,"L-CSS, S-Bug-confirmed",https://github.com/biomejs/biome/issues/5998
a11y,Ant Design Table a11y Issues,unconfirmed,https://github.com/ant-design/ant-design/issues/53819
a11y,"[Milestone 2] Update ""In the spotlight"" links to articles that are irrelevant to users","engineering, Cartographers",https://github.com/department-of-veterans-affairs/va.gov-team/issues/109590
a11y,"Collaboration Cycle Kickoff [Benefits Management Team 1, Smooth, Stable Loading Experience]","collaboration-cycle, CC-Request, bmt-team-1, benefits-management-tools, bmt-2025",https://github.com/department-of-veterans-affairs/va.gov-team/issues/109588
a11y,A11Y: Enable screenreader to read payment option before submitting the form in checkout when using keyboard navigation,"area/accessibility, priority/high, Platform(Default), domain/checkout",https://github.com/shopware/shopware/issues/9346
a11y,Shiki powered codeblocks flagged by a11y audit,- P3: minor bug,https://github.com/withastro/astro/issues/13793
a11y,Admin interface is basically broken on mobile devices,,https://github.com/opencast/opencast-admin-interface/issues/1211
a11y,feat[dev]: ‚ú® Add Motion Design for sd-mapmarker,"üîß code, Subtask",https://github.com/solid-design-system/solid/issues/2200
a11y,feat[dev]: ‚ú® Add Motion Design for sd-spinner,"üîß code, Subtask",https://github.com/solid-design-system/solid/issues/2199
a11y,feat[dev]: ‚ú® Add Motion Design for sd-video,"üîß code, Subtask",https://github.com/solid-design-system/solid/issues/2198
a11y,feat[dev]: ‚ú® Add Motion Design for sd-carousel,"üîß code, Subtask",https://github.com/solid-design-system/solid/issues/2197
a11y,feat[dev]: ‚ú® Add Motion Design for sd-scrollable,"üîß code, Subtask",https://github.com/solid-design-system/solid/issues/2196
a11y,feat[dev]: ‚ú® Add Motion Design for sd-navigation-item,"üîß code, Subtask",https://github.com/solid-design-system/solid/issues/2195
a11y,[SelectDialog]: A11y Incorrect behavior on mobile with TalkBack enabled,"bug, ACC, author action",https://github.com/SAP/ui5-webcomponents/issues/11467
a11y,feat[dev]: ‚ú® Add Motion Design for sd-tab,"üîß code, Subtask",https://github.com/solid-design-system/solid/issues/2194
a11y,feat[dev]: ‚ú® Add Motion Design for sd-expandable,"üîß code, Subtask",https://github.com/solid-design-system/solid/issues/2193
a11y,feat[dev]: ‚ú® Add Motion Design for sd-quickfact,"üîß code, Subtask",https://github.com/solid-design-system/solid/issues/2192
a11y,"A11Y: Dropdown ""searchEnabled"":  false & rating render as dropdown","bug, accessibility",https://github.com/surveyjs/survey-library/issues/9850
a11y,feat[dev]: ‚ú® Add Motion Design for sd-accordion,"üîß code, Subtask",https://github.com/solid-design-system/solid/issues/2191
a11y,"Meaningful name is not provided for ""code editor"" in the monaco editor: A11y_MonacoEditor_Name Role Value","bug, accessibility",https://github.com/microsoft/monaco-editor/issues/4898
a11y,A11Y: Panel with the ability to expand and collapse,"bug, accessibility",https://github.com/surveyjs/survey-library/issues/9848
a11y,feat[dev]: ‚ú® Add Motion Design for sd-notification,"üîß code, Subtask",https://github.com/solid-design-system/solid/issues/2190
a11y,feat[dev]: ‚ú® Add Motion Design for sd-drawer,"üîß code, Subtask",https://github.com/solid-design-system/solid/issues/2189
a11y,feat[dev]: ‚ú® Add Motion Design for sd-dialog,"üîß code, Subtask",https://github.com/solid-design-system/solid/issues/2188
a11y,A11Y: Matrixdropdown cellType is radiogroup,"bug, accessibility",https://github.com/surveyjs/survey-library/issues/9847
a11y,React useCallback hook Dependencies `useExhaustiveDependencies` - getting incorrect linting,"A-Linter, L-JavaScript, S-Bug-confirmed, D-React",https://github.com/biomejs/biome/issues/5914
a11y,[web] [a11y] Focus in VoiceOver jumps back to first form control when navigating via context menu,"c: regression, a: accessibility, platform-web, has reproducible steps, P2, team-web, triaged-web, found in release: 3.29, found in release: 3.32",https://github.com/flutter/flutter/issues/168458
a11y,Select accessibility issue for colorblind people,"üíÑ Design, Theme, 6.x",https://github.com/ant-design/ant-design/issues/53749
a11y,Testen van de volledige site op kwaliteit en toegankelijkheid,"wontfix, chore, front-end",https://github.com/Remy2072/i-love-web/issues/10
a11y,[Bug]: Storybook 9 - Storybook create doesn't configure addon a11y for vitest,"bug, cli, needs triage, internal-qa",https://github.com/storybookjs/storybook/issues/31402
a11y,A11Y: Elements must meet minimum color contrast ratio thresholds,"bug, accessibility",https://github.com/surveyjs/survey-library/issues/9843
a11y,SCreen reader a11y: schema comparison grid keyboard accessibility not ideal,"Triage: Needed, Area - Schema Compare",https://github.com/microsoft/vscode-mssql/issues/19365
a11y,How to enable the multimodal input as shown in the paper?,,https://github.com/shulin16/MMInA/issues/4
a11y,[SF]MessageView: [A11y AXE Error]Ensure every ARIA dialog and alertdialog node has an accessible name,documentation,https://github.com/SAP/ui5-webcomponents-react/issues/7306
a11y,firefox: garbage chars for entire GUI + web pages,needinfo,https://github.com/netblue30/firejail/issues/6743
a11y,"We should probably stop AI models from returning h1s, bad for a11y",,https://github.com/nicholasgriffintn/ai-platform/issues/413
a11y,"Accessible prompter: default selections not always printed, not clear, or sometimes not readable by speech synthesis","bug, p2, accessibility",https://github.com/cli/cli/issues/10936
a11y,Language Selection Button Missing Basic Accessibility Properties,,https://github.com/marvieqa11y/mobile-a11y-spotcheck/issues/2
a11y,[a11y-defect-2] Keyboard: First party evidence request views must set focus on H1 instead of breadcrumbs,"frontend, accessibility, benefits-management-tools, bmt-team-2",https://github.com/department-of-veterans-affairs/va.gov-team/issues/109475
a11y,Add tips attribute/array,,https://github.com/ScanGov/data/issues/14
a11y,EPUB A11y Display Guidelines Conformance certification_date Definition Inconsistency Between Sections 3.2.1 and 3.2.2,a11y-display-techniques-epub,https://github.com/w3c/publ-a11y/issues/715
a11y,[A11y] Use Landmark roles and/or sectioning HTML elements for easy page navigation,"enhancement, a11y",https://github.com/samvera-labs/ramp/issues/814
a11y,Dependency Dashboard,dependencies,https://github.com/adobe/spectrum-css/issues/3698
a11y,Evaluator relationship,Spec-Accessibility,https://github.com/w3c/epub-specs/issues/2721
a11y,"[a11y | Select]: ""Select"" header is not announced on mobile view","bug, TOPIC RD",https://github.com/SAP/ui5-webcomponents/issues/11495
a11y,Blank EPIC template for copying,Epic,https://github.com/IBMa/equal-access/issues/2272
a11y,[Bug]: Test addon - Broken links,"bug, addon: vitest, internal-qa",https://github.com/storybookjs/storybook/issues/31441
a11y,"[Epic] Ensure the game is user-friendly, accessible, and visually appealing",Epic,https://github.com/mymoneyway/mymoneyway/issues/33
a11y,Feature: Add a11y to each page,medium prio,https://github.com/Skjesper/GoldenBeetlebug/issues/78
a11y,üíÖ Function parameters with spread operator are not correctly checked by `noUnusedFunctionParameters`,"good first issue, S-Help-wanted, A-Linter, L-JavaScript, S-Bug-confirmed",https://github.com/biomejs/biome/issues/5941
a11y,"[Bug]: Accessibility issues in ArgsTable: missing labels, incorrect ARIA use, and non-semantic interactive elements","bug, accessibility",https://github.com/storybookjs/storybook/issues/31436
a11y,"Smooth, stable loading Collab Cycle ticket draft","bmt-team-1, benefits-management-tools, bmt-2025",https://github.com/department-of-veterans-affairs/va.gov-team/issues/109421
a11y,üíÖ False positive on `useIterableCallbackReturn` for async/generator callback (2.0.0-beta.2),"A-Linter, L-JavaScript, S-Bug-confirmed",https://github.com/biomejs/biome/issues/5939
a11y,User Story: Overzicht van HU-gebouwen,"Sprint 1, Frontend, Backend, Styling, Database",https://github.com/viktorklijn/room-reservationsystem/issues/9
a11y,User Story: Inloggen met HU-credentials,"Sprint 1, Frontend, Backend, Styling, Authentication, High Priority",https://github.com/viktorklijn/room-reservationsystem/issues/8
a11y,[a11y]: [Windows High Contrast Mode]: [Skeleton] The Skeleton is barely or not visible in High Contrast Mode,"type: bug üêõ, severity: 2, type: a11y ‚ôø, role: dev ü§ñ, package: @carbon/react, platform: windows, component: skeleton, a11y: high contrast mode",https://github.com/carbon-design-system/carbon/issues/19354
a11y,No such file or directory\r\nPerforming Streamed Install\r\n'] in Windows 11,,https://github.com/google-research/android_world/issues/283
a11y,Jump to failing test goes to wrong location,solution suggested,https://github.com/wallabyjs/public/issues/3499
a11y,09 May 2025 - A11y Theme Builder Meeting Minutes,meeting,https://github.com/finos/a11y-theme-builder/issues/1093
a11y,"Startup errors in headless environment: GLX test failure, missing dbus-launch, and defaultsConfig undefined in SearchEngineSelector",bug,https://github.com/daijro/camoufox/issues/296
a11y,Add an accessibility self-review to TAG design reviews.,"tracker, pending",https://github.com/w3c/a11y-review/issues/229
a11y,Conformance to EAA,Future Discussion Needed,https://github.com/w3c/a11y-discov-vocab/issues/197
a11y,"[Bug]: A11Y | ""Meine Reise"" Kachel - √úberschrifte werden in mehreren St√ºcken ausgegeben",prio4: low,https://github.com/sbb-design-systems/lyne-components/issues/3684
a11y,Implement Plugin possibility for a A11y checker,est:muscle-workout,https://github.com/data2type/xmlgraphics-fop/issues/16
a11y,Remove render step in interactions panel,,https://github.com/storybookjs/storybook/issues/31429
a11y,[a11y][Input]: Voice over cannot read error message unless focus on the field,bug,https://github.com/SAP/ui5-webcomponents/issues/11493
a11y,pSortableColumn on th causes a11y errors because applying role,"Type: Bug, Component: Accessibility",https://github.com/primefaces/primeng/issues/18280
a11y,Project Initalizaiton,,https://github.com/JobPilotTracker/JobsApplicationTracker/issues/8
a11y,Github Badge,,https://github.com/Neofonie/pingpong/issues/3
a11y,Investigate possible unused strings in .strings en-US files,Bug üêû,https://github.com/mozilla-mobile/firefox-ios/issues/26661
a11y,[Bug] report export button is not read out loud by screen readers,"Potential Bug, triaged",https://github.com/matomo-org/matomo/issues/23285
a11y,[STYLE] font CSS Î≥ÄÏàò Îã®ÏúÑ Î≥ÄÍ≤Ω (px -> rem),üé® UI,https://github.com/snorose/snorose-front-react/issues/961
a11y,Week 15,documentation,https://github.com/Hadil66/Semester-4/issues/60
a11y,ÊàëÂÖ≥Ê≥®ÁöÑÈ°πÁõÆËøôÂë®Êõ¥Êñ∞‰∫Ü‰ªÄ‰πà-2025-05-16,ÂÖ≥Ê≥®,https://github.com/anaer/blog/issues/119
a11y,[Component] FeaturedProductCarousel (Latest Product),"frontend, feature, ui, storefront",https://github.com/GoldenaArcher/mern-eccomerce-multi-vendor/issues/120
a11y,Exercise: Introduction to GitHub,,https://github.com/liuliuliu-a11y/skills-introduction-to-github/issues/1
a11y,Focus trap & Axe pass,,https://github.com/kenlacroix/MoodHavenJournal-Community/issues/13
ally,alchemist aghanim gift grants to bonus dmg,,https://github.com/ValveSoftware/Dota2-Gameplay/issues/25570
ally,'RNZohoSalesIQ-Swift.h' file not found,,https://github.com/zoho/SalesIQ-Mobilisten-ReactNative/issues/115
ally,PvP Mini Chess,Game,https://github.com/AEFeinstein/Super-2024-Swadge-FW/issues/440
ally,Response validation failed:  coolify.projects.list and projectsList:,,https://github.com/LukeHagar/Coolify-TypeScript-SDK/issues/2
ally,It would be very usefull if the F1 to F10 keys could be used to display different info on minimap,,https://github.com/AndrewTaro/TTaroMinimap/issues/6
ally,Steam Deck Compatibility with SimpleTDP Decky,,https://github.com/aarron-lee/SimpleDeckyTDP/issues/62
ally,[ FF7 ] Game Fails to detect the right save path when the documents path contains Unicode chars,"invalid, wontfix",https://github.com/julianxhokaxhiu/FFNx/issues/796
ally,Aircraft do not ReturnToBase after attacks,Bug,https://github.com/OpenRA/OpenRA/issues/21893
ally,Stomping Tantrum condtions for boost,"bug, category: battle-mechanic, status: unconfirmed",https://github.com/rh-hideout/pokeemerald-expansion/issues/6763
ally,Laser powers,gameplay,https://github.com/Solar-Harmony/bolete-hell/issues/19
ally,Review and rethink affixes,,https://github.com/Automattic/harper/issues/1216
ally,TRUST THE EXPERTS: DIGITAL RESOLUTION SERVICES HAS YOU COVERED.,,https://github.com/Jimmiemcgrady/TRUST-THE-EXPERTS-DIGITAL-RESOLUTION-SERVICES-HAS-YOU-COVERED./issues/1
ally,[BUG]: Vita3K not accepting controller input after entering hibernation mode on Windows,bug,https://github.com/Vita3K/Vita3K/issues/3587
ally,Implement Multiplayer Game Modes,,https://github.com/Tanner-Perham/ProjectRTS_v2/issues/54
ally,Implement Hero Leveling System,,https://github.com/Tanner-Perham/ProjectRTS_v2/issues/46
ally,Implement Four Hero Active Abilities,,https://github.com/Tanner-Perham/ProjectRTS_v2/issues/44
ally,"24.10.1: ramips/mt7621 IB: `Pseudo file ""dev"" exists in source filesystem [...]`","target/ramips, bug, Self Built Image, release/24.10",https://github.com/openwrt/openwrt/issues/18684
ally,[üî•]  firebase not initializing after migrating React Native from 0.71.13 to 0.78.2,"type: bug, Needs Attention",https://github.com/invertase/react-native-firebase/issues/8509
ally,Make allies spawn near each other in team games,enhancement,https://github.com/OpenHV/OpenHV/issues/1288
ally,Wiki: incorrect write-mode support for Po format,,https://github.com/lokalise/i18n-ally/issues/1303
ally,Error when running pod install.,,https://github.com/CocoaPods/Xcodeproj/issues/1015
ally,Google driver needs minimum scopes of either `email` or `profile`,,https://github.com/adonisjs/ally/issues/159
ally,GitHub driver will fail without `user` or `read:user user:email` scopes,,https://github.com/adonisjs/ally/issues/158
ally,AI (Enemy + Ally) Prototype,,https://github.com/vivid-skies/game-project/issues/19
ally,DB/misc: Some corrections in ruRU localization (Part 4),"Feedback-FixOutdatedMissingWIP, Comp-Database, Branch-3.3.5a",https://github.com/TrinityCore/TrinityCore/issues/30910
ally,Spring UserReport [105.1.1-2511-g747f18b] Externally launched spring crashed with code 0,,https://github.com/ZeroK-RTS/CrashReports/issues/139020
ally,Dolby driver not being seen,answered,https://github.com/seerge/g-helper/issues/4035
ally,Adding on the fly resolution change,question,https://github.com/seerge/g-helper/issues/4034
ally,[RegisterSoftware] Anthropic calls for tougher GPU export controls as Nvidia's CEO implores Trump to spread the AI love,"RegisterSoftware, Stale",https://github.com/SecOpsNews/news/issues/47679
ally,Madagascar's Unit Promotions,,https://github.com/hackisonjd/lekmod-firebase/issues/1
ally,Art of Interposition,"To be created, Ready for Review",https://github.com/pokemon-tabletop-reunited/issues/issues/50
ally,Beckoning the Beyond,"Not yet placed, Ready for Review",https://github.com/pokemon-tabletop-reunited/issues/issues/33
ally,Ally Recall,"Not yet placed, Ready for Review",https://github.com/pokemon-tabletop-reunited/issues/issues/28
ally,Planar Tactician,"Not yet placed, Ready for Review",https://github.com/pokemon-tabletop-reunited/issues/issues/27
ally,Away With You!,"Not yet placed, Ready for Review",https://github.com/pokemon-tabletop-reunited/issues/issues/26
ally,Migration Formation,"To be created, Ready for Review",https://github.com/pokemon-tabletop-reunited/issues/issues/14
ally,Mulligan,"Not yet placed, Ready for Review",https://github.com/pokemon-tabletop-reunited/issues/issues/11
ally,Pick Three Drop Two,"Not yet placed, Ready for Review",https://github.com/pokemon-tabletop-reunited/issues/issues/9
ally,Jockeying,"Not yet placed, Ready for Review",https://github.com/pokemon-tabletop-reunited/issues/issues/8
ally,Can't Break My Winning Streak,"Not yet placed, Ready for Review",https://github.com/pokemon-tabletop-reunited/issues/issues/7
ally,Spring UserReport [105.1.1-2511-g747f18b] Externally launched spring crashed with code 0,,https://github.com/ZeroK-RTS/CrashReports/issues/140419
ally,Spring UserReport [105.1.1-2511-g747f18b] Externally launched spring crashed with code -805306369,,https://github.com/ZeroK-RTS/CrashReports/issues/140415
ally,Spring UserReport [105.1.1-2511-g747f18b] Externally launched spring crashed with code -805306369,,https://github.com/ZeroK-RTS/CrashReports/issues/140413
ally,Spring UserReport [105.1.1-2511-g747f18b] Externally launched spring crashed with code 0,,https://github.com/ZeroK-RTS/CrashReports/issues/140409
ally,Prae acid ball hurts allies,"Issue: Bug, Medium Priority",https://github.com/RMC-14/RMC-14/issues/6466
ally,üî• Invalid Types - Undefined functions fromDate & increment in release build.,"type: bug, Needs Attention",https://github.com/invertase/react-native-firebase/issues/8536
ally,[DATA],,https://github.com/Shteb/Kais-NPC-Rebake-LCP/issues/108
ally,"[Bug] Dancer should cure sleep/freeze, respect flinch/confusion/paralysis interrupts",Triage,https://github.com/pagefaultgames/pokerogue/issues/5824
ally,moves,,https://github.com/LeoOuyang24/DarkestDungeonPokemonGame/issues/97
ally,steamos-manager: functions in inputplumber.rs causes steamos-manager to stall when applying settings,,https://github.com/ValveSoftware/SteamOS/issues/1891
ally,Enemies Derived Classes,"Back-End, Game Mechanics, Game-Design, sprint 1, sprint 2, sprint 3, sprint 4",https://github.com/Bairoflus/Proyecto-Videojuego/issues/44
ally,Issue for Crusader Specialisation,,https://github.com/Sweenus/SimplySkills/issues/144
ally,"Option to add small icons to tabs to indicate attack, liaison, shadow, etc",,https://github.com/sumpfork/dominiontabs/issues/568
ally,Hungary - Head of Government currently in use is irreconcilable with the lore,Suggestion,https://github.com/TNODevs/TNO-Bug-Tracker/issues/4879
ally,It's not obvious when `wupget:FooChanged` are called,"area: documentation, area: Lua API",https://github.com/beyond-all-reason/RecoilEngine/issues/2265
ally,Regarding the attack issue of HIVE feedback,,https://github.com/SMUnlimited/AMAI/issues/529
ally,`/ally` works unilaterally,"enhancement, game compat, area: Lua API",https://github.com/beyond-all-reason/RecoilEngine/issues/2264
ally,[RegisterSoftware] Europe plots escape hatch from the enshittification of search,RegisterSoftware,https://github.com/SecOpsNews/news/issues/48327
ally,Issue with Sange and Yasha Not Combinable + Some Item Ideas,,https://github.com/Dnarok/RiskOfTheAncients2/issues/4
ally,Spring Desync [105.1.1-2511-g747f18b],,https://github.com/ZeroK-RTS/CrashReports/issues/140215
ally,500 error at /api/upload,"logsite, OperationalError",https://github.com/PennyDreadfulMTG/perf-reports/issues/69127
ally,"FEATURE - Make ""+"" version of Assign Decoy skill",,https://github.com/JesterWizard/C-SkillSystem-Mokha/issues/228
ally,ENTITY NAME: MZHIGHALTHETYME - The Temporal Alchemist,,https://github.com/CVGNetwork/DATABASE/issues/53
ally,ENTITY NAME: RavenNeko666 - Neon Abyss Phantom,,https://github.com/CVGNetwork/DATABASE/issues/51
ally,ENTITY NAME: xP5YCH0xK1LLx - The Kernel Cleaver,,https://github.com/CVGNetwork/DATABASE/issues/44
ally,ENTITY NAME: CledusSnow56 ‚Äì The Glitch-Bound Wanderer,,https://github.com/CVGNetwork/DATABASE/issues/37
ally,ENTITY NAME: Kritter ‚Äì The Flesh-Threaded Howl of Sector 9X,,https://github.com/CVGNetwork/DATABASE/issues/32
ally,ENTITY NAME: ChaosRabbit13 ‚Äì The Glitch Trickster of the Redline,,https://github.com/CVGNetwork/DATABASE/issues/30
ally,GER - sends volunteers to Federal Congo,Bug,https://github.com/TNODevs/TNO-Bug-Tracker/issues/4885
ally,LOST YOUR CRYPTO? HERE IS HOW TO GET IT BACK SAFELY HIRE ADWARE RECOVERY SPECIALIST,,https://github.com/forem/forem/issues/21864
ally,Oblivion Remastered - Tweak Patcher Testing,G-oblivionre,https://github.com/wrye-bash/wrye-bash/issues/705
ally,[Pet] [Spell] [Warlock] Seduce cannot be dispelled in PvP,,https://github.com/Atlantiss/NetherwingBugtracker/issues/9549
ally,"Add ""cover"" and ""hide behind"" skills",,https://github.com/isaaccp/defense/issues/72
ally,Spring UserReport [105.1.1-2511-g747f18b] Externally launched spring crashed with code -805306369,,https://github.com/ZeroK-RTS/CrashReports/issues/140619
ally,Spring UserReport [105.1.1-2511-g747f18b] Externally launched spring crashed with code 0,,https://github.com/ZeroK-RTS/CrashReports/issues/140616
ally,Fix attack spells of allies and enemies show the dice roll,,https://github.com/raeleus/Hashtag-DnD/issues/113
ally,Add laravel-vue-i18n to supported frameworks,framework request,https://github.com/lokalise/i18n-ally/issues/1308
ally,TOP SCAM RECOVERY EXPERTISE // PASSCODE CYBER RECOVERY,,https://github.com/akuhnet/w-colab/issues/33
ally,Spring Desync [105.1.1-2511-g747f18b],,https://github.com/ZeroK-RTS/CrashReports/issues/140597
ally,Spring UserReport [105.1.1-2511-g747f18b] Externally launched spring crashed with code 0,,https://github.com/ZeroK-RTS/CrashReports/issues/140571
ally,Spring UserReport [105.1.1-2511-g747f18b] Externally launched spring crashed with code 0,,https://github.com/ZeroK-RTS/CrashReports/issues/140566
ally,Spring UserReport [105.1.1-2511-g747f18b] Externally launched spring crashed with code 0,,https://github.com/ZeroK-RTS/CrashReports/issues/140565
ally,Fix Inconsistent X Icon on Dataset Samples Table,"bug, QA",https://github.com/AlexsLemonade/refinebio-web/issues/554
ally,Create roadmap and populate backlog for VLM based on Ally needs (Create new project and link with Jac Vision),,https://github.com/Jaseci-Labs/vlm-research/issues/24
ally,No type named EventEmitter Callback,bug,https://github.com/react-native-maps/react-native-maps/issues/5507
ally,[Bot | Translation] Translation for de-de by Translation Automation,translation,https://github.com/hotaydev/dnd-beyond-kit/issues/71
ally,Spring UserReport [105.1.1-2511-g747f18b] Externally launched spring crashed with code 0,,https://github.com/ZeroK-RTS/CrashReports/issues/140461
ally,Spring UserReport [105.1.1-2511-g747f18b] Externally launched spring crashed with code 0,,https://github.com/ZeroK-RTS/CrashReports/issues/140457
ally,Spring UserReport [105.1.1-2511-g747f18b] Externally launched spring crashed with code 0,,https://github.com/ZeroK-RTS/CrashReports/issues/140455
ally,Prestidigitator,"To be created, Ready for Review",https://github.com/pokemon-tabletop-reunited/issues/issues/53
ally,Occult Reliquary,,https://github.com/halogenandtoast/ArkhamHorror/issues/1893
ally,How to choose the output monitor in Gamescope,,https://github.com/ewagner12/all-ways-egpu/issues/46
ally,[üî• ] (Modular) Storage API missing type declaration for StringFormat enum,"type: bug, Needs Attention",https://github.com/invertase/react-native-firebase/issues/8524
ally,Spring UserReport [105.1.1-2511-g747f18b] Externally launched spring crashed with code 0,,https://github.com/ZeroK-RTS/CrashReports/issues/139770
ally,Spring UserReport [105.1.1-2511-g747f18b] Externally launched spring crashed with code 0,,https://github.com/ZeroK-RTS/CrashReports/issues/139768
ally,Spring UserReport [105.1.1-2511-g747f18b] Externally launched spring crashed with code 0,,https://github.com/ZeroK-RTS/CrashReports/issues/139766
ally,Potential Future Additions to Consider for Baseline Criteria,"documentation, enhancement, criteria",https://github.com/ossf/security-baseline/issues/302
ally,Custom Banking Software Development Company: Empowering the Future of Finance,,https://github.com/itioinnovexpvtltd/Custom-Banking-Software-Development-Company-Empowering-the-Future-of-Finance/issues/1
ally,[Feature Request] Add option to also disable PvP between allies,enhancement,https://github.com/nvb-uy/OpacPvP/issues/2
ally,Final Fantasy XVI Steam Cloud issue on Proton,,https://github.com/ValveSoftware/Proton/issues/8669
